<application>
  <component name="libraryTable">
    <library name="@types/enzyme" type="javaScript">
      <CLASSES />
      <SOURCES />
    </library>
    <library name="@types/express" type="javaScript">
      <CLASSES />
      <SOURCES />
    </library>
    <library name="@types/jasmine" type="javaScript">
      <CLASSES />
      <SOURCES />
    </library>
    <library name="@types/jest" type="javaScript">
      <CLASSES />
      <SOURCES />
    </library>
    <library name="@types/react" type="javaScript">
      <CLASSES />
      <SOURCES />
    </library>
    <library name="@types/webpack" type="javaScript">
      <CLASSES />
      <SOURCES />
    </library>
    <library name="@types/webpack-dev-server" type="javaScript">
      <CLASSES />
      <SOURCES />
    </library>
  </component>
</application>