<application>
  <component name="FindSettings">
    <option name="customScope" value="src" />
    <option name="defaultScopeName" value="src" />
    <option name="localRegularExpressions" value="true" />
    <option name="regularExpressions" value="true" />
    <option name="REGULAR_EXPRESSIONS" value="true" />
    <option name="LOCAL_REGULAR_EXPRESSIONS" value="true" />
    <option name="SEARCH_SCOPE" value="src" />
    <option name="FILE_MASK" value="!*lock.json" />
    <mask>*.scss</mask>
    <mask>*.xml</mask>
    <mask>*.css</mask>
    <mask>*.shtml</mask>
    <mask>*.shtm</mask>
    <mask>*.ng</mask>
    <mask>*.htm</mask>
    <mask>*.sht</mask>
    <mask>*.html</mask>
    <mask>*.ats</mask>
    <mask>*.ts</mask>
    <mask>*.cjs</mask>
    <mask>*.js</mask>
    <mask>!*lock.json, *.js, *.jsx, *.ts, *.tsx</mask>
    <mask>!*lock.json</mask>
  </component>
</application>