<keymap version="1" name="Default copy" parent="$default">
  <action id="ActivateFavoritesToolWindow" />
  <action id="ActivateFindToolWindow" />
  <action id="ActivateStructureToolWindow">
    <keyboard-shortcut first-keystroke="alt 2" />
  </action>
  <action id="ActivatenpmToolWindow">
    <keyboard-shortcut first-keystroke="alt 3" />
  </action>
  <action id="ChooseRunConfiguration">
    <keyboard-shortcut first-keystroke="shift ctrl r" />
  </action>
  <action id="CloseActiveTab">
    <keyboard-shortcut first-keystroke="shift ctrl f6" />
  </action>
  <action id="CloseContent">
    <keyboard-shortcut first-keystroke="ctrl w" />
  </action>
  <action id="ContextHelp" />
  <action id="EditorSelectWord" />
  <action id="FindUsages">
    <keyboard-shortcut first-keystroke="shift f7" />
  </action>
  <action id="GoToTab1">
    <keyboard-shortcut first-keystroke="ctrl 1" />
  </action>
  <action id="GoToTab2">
    <keyboard-shortcut first-keystroke="ctrl 2" />
  </action>
  <action id="GoToTab3">
    <keyboard-shortcut first-keystroke="ctrl 3" />
  </action>
  <action id="GoToTab4">
    <keyboard-shortcut first-keystroke="ctrl 4" />
  </action>
  <action id="GoToTab5">
    <keyboard-shortcut first-keystroke="ctrl 5" />
  </action>
  <action id="GoToTab6">
    <keyboard-shortcut first-keystroke="ctrl 6" />
  </action>
  <action id="GoToTab7">
    <keyboard-shortcut first-keystroke="ctrl 7" />
  </action>
  <action id="GoToTab8">
    <keyboard-shortcut first-keystroke="ctrl 8" />
  </action>
  <action id="GoToTab9">
    <keyboard-shortcut first-keystroke="ctrl 9" />
  </action>
  <action id="GotoTest" />
  <action id="HideActiveWindow">
    <keyboard-shortcut first-keystroke="escape" />
  </action>
  <action id="Images.ShowThumbnails" />
  <action id="IntroduceField" />
  <action id="QuickJavaDoc">
    <mouse-shortcut keystroke="alt button2" />
    <keyboard-shortcut first-keystroke="f1" />
  </action>
  <action id="ReopenClosedTab">
    <keyboard-shortcut first-keystroke="shift ctrl t" />
  </action>
  <action id="Replace">
    <keyboard-shortcut first-keystroke="ctrl alt f" />
  </action>
  <action id="ReplaceInPath" />
  <action id="Run">
    <keyboard-shortcut first-keystroke="ctrl r" />
  </action>
  <action id="RunDashboard.ShowConfigurations" />
  <action id="SelectInProjectView">
    <keyboard-shortcut first-keystroke="alt r" />
  </action>
  <action id="Synchronize">
    <keyboard-shortcut first-keystroke="ctrl alt r" />
  </action>
</keymap>