<application>
  <component name="libraryTable">
    <library name="Python 3.8 (venv) interpreter library">
      <CLASSES>
        <root url="file:///usr/lib/python3.9" />
        <root url="file:///usr/lib/python3.9/lib-dynload" />
        <root url="file://$USER_HOME$/Documents/Repositories/automation-testing-saas/server/venv/lib/python3.9/site-packages" />
        <root url="file://$USER_HOME$/.cache/JetBrains/IntelliJIdea2020.3/python_stubs/-496567902" />
        <root url="file://$APPLICATION_PLUGINS_DIR$/python/helpers/python-skeletons" />
        <root url="file://$APPLICATION_PLUGINS_DIR$/python/helpers/typeshed/stdlib/3.9" />
        <root url="file://$APPLICATION_PLUGINS_DIR$/python/helpers/typeshed/stdlib/3.7" />
        <root url="file://$APPLICATION_PLUGINS_DIR$/python/helpers/typeshed/stdlib/3" />
        <root url="file://$APPLICATION_PLUGINS_DIR$/python/helpers/typeshed/stdlib/2and3" />
        <root url="file://$APPLICATION_PLUGINS_DIR$/python/helpers/typeshed/third_party/3" />
        <root url="file://$APPLICATION_PLUGINS_DIR$/python/helpers/typeshed/third_party/2and3" />
      </CLASSES>
      <JAVADOC />
      <SOURCES>
        <root url="file:///usr/lib/python3.9" />
        <root url="file:///usr/lib/python3.9/lib-dynload" />
        <root url="file://$USER_HOME$/Documents/Repositories/automation-testing-saas/server/venv/lib/python3.9/site-packages" />
        <root url="file://$USER_HOME$/.cache/JetBrains/IntelliJIdea2020.3/python_stubs/-496567902" />
        <root url="file://$APPLICATION_PLUGINS_DIR$/python/helpers/python-skeletons" />
        <root url="file://$APPLICATION_PLUGINS_DIR$/python/helpers/typeshed/stdlib/3.9" />
        <root url="file://$APPLICATION_PLUGINS_DIR$/python/helpers/typeshed/stdlib/3.7" />
        <root url="file://$APPLICATION_PLUGINS_DIR$/python/helpers/typeshed/stdlib/3" />
        <root url="file://$APPLICATION_PLUGINS_DIR$/python/helpers/typeshed/stdlib/2and3" />
        <root url="file://$APPLICATION_PLUGINS_DIR$/python/helpers/typeshed/third_party/3" />
        <root url="file://$APPLICATION_PLUGINS_DIR$/python/helpers/typeshed/third_party/2and3" />
      </SOURCES>
    </library>
  </component>
</application>