<application>
  <component name="ProjectJdkTable">
    <jdk version="2">
      <name value="11" />
      <type value="JavaSDK" />
      <version value="java version &quot;11.0.4&quot;" />
      <homePath value="$APPLICATION_HOME_DIR$/jbr" />
      <roots>
        <annotationsPath>
          <root type="composite">
            <root url="jar://$APPLICATION_HOME_DIR$/plugins/java/lib/jdkAnnotations.jar!/" type="simple" />
          </root>
        </annotationsPath>
        <classPath>
          <root type="composite">
            <root url="jrt://C:/Program Files (x86)/IntelliJ/jbr!/java.base" type="simple" />
            <root url="jrt://C:/Program Files (x86)/IntelliJ/jbr!/java.compiler" type="simple" />
            <root url="jrt://C:/Program Files (x86)/IntelliJ/jbr!/java.datatransfer" type="simple" />
            <root url="jrt://C:/Program Files (x86)/IntelliJ/jbr!/java.desktop" type="simple" />
            <root url="jrt://C:/Program Files (x86)/IntelliJ/jbr!/java.instrument" type="simple" />
            <root url="jrt://C:/Program Files (x86)/IntelliJ/jbr!/java.logging" type="simple" />
            <root url="jrt://C:/Program Files (x86)/IntelliJ/jbr!/java.management" type="simple" />
            <root url="jrt://C:/Program Files (x86)/IntelliJ/jbr!/java.management.rmi" type="simple" />
            <root url="jrt://C:/Program Files (x86)/IntelliJ/jbr!/java.naming" type="simple" />
            <root url="jrt://C:/Program Files (x86)/IntelliJ/jbr!/java.net.http" type="simple" />
            <root url="jrt://C:/Program Files (x86)/IntelliJ/jbr!/java.prefs" type="simple" />
            <root url="jrt://C:/Program Files (x86)/IntelliJ/jbr!/java.rmi" type="simple" />
            <root url="jrt://C:/Program Files (x86)/IntelliJ/jbr!/java.scripting" type="simple" />
            <root url="jrt://C:/Program Files (x86)/IntelliJ/jbr!/java.se" type="simple" />
            <root url="jrt://C:/Program Files (x86)/IntelliJ/jbr!/java.security.jgss" type="simple" />
            <root url="jrt://C:/Program Files (x86)/IntelliJ/jbr!/java.security.sasl" type="simple" />
            <root url="jrt://C:/Program Files (x86)/IntelliJ/jbr!/java.smartcardio" type="simple" />
            <root url="jrt://C:/Program Files (x86)/IntelliJ/jbr!/java.sql" type="simple" />
            <root url="jrt://C:/Program Files (x86)/IntelliJ/jbr!/java.sql.rowset" type="simple" />
            <root url="jrt://C:/Program Files (x86)/IntelliJ/jbr!/java.transaction.xa" type="simple" />
            <root url="jrt://C:/Program Files (x86)/IntelliJ/jbr!/java.xml" type="simple" />
            <root url="jrt://C:/Program Files (x86)/IntelliJ/jbr!/java.xml.crypto" type="simple" />
            <root url="jrt://C:/Program Files (x86)/IntelliJ/jbr!/javafx.base" type="simple" />
            <root url="jrt://C:/Program Files (x86)/IntelliJ/jbr!/javafx.controls" type="simple" />
            <root url="jrt://C:/Program Files (x86)/IntelliJ/jbr!/javafx.fxml" type="simple" />
            <root url="jrt://C:/Program Files (x86)/IntelliJ/jbr!/javafx.graphics" type="simple" />
            <root url="jrt://C:/Program Files (x86)/IntelliJ/jbr!/javafx.media" type="simple" />
            <root url="jrt://C:/Program Files (x86)/IntelliJ/jbr!/javafx.swing" type="simple" />
            <root url="jrt://C:/Program Files (x86)/IntelliJ/jbr!/javafx.web" type="simple" />
            <root url="jrt://C:/Program Files (x86)/IntelliJ/jbr!/jdk.accessibility" type="simple" />
            <root url="jrt://C:/Program Files (x86)/IntelliJ/jbr!/jdk.aot" type="simple" />
            <root url="jrt://C:/Program Files (x86)/IntelliJ/jbr!/jdk.attach" type="simple" />
            <root url="jrt://C:/Program Files (x86)/IntelliJ/jbr!/jdk.charsets" type="simple" />
            <root url="jrt://C:/Program Files (x86)/IntelliJ/jbr!/jdk.compiler" type="simple" />
            <root url="jrt://C:/Program Files (x86)/IntelliJ/jbr!/jdk.crypto.cryptoki" type="simple" />
            <root url="jrt://C:/Program Files (x86)/IntelliJ/jbr!/jdk.crypto.ec" type="simple" />
            <root url="jrt://C:/Program Files (x86)/IntelliJ/jbr!/jdk.dynalink" type="simple" />
            <root url="jrt://C:/Program Files (x86)/IntelliJ/jbr!/jdk.httpserver" type="simple" />
            <root url="jrt://C:/Program Files (x86)/IntelliJ/jbr!/jdk.internal.ed" type="simple" />
            <root url="jrt://C:/Program Files (x86)/IntelliJ/jbr!/jdk.internal.jvmstat" type="simple" />
            <root url="jrt://C:/Program Files (x86)/IntelliJ/jbr!/jdk.internal.le" type="simple" />
            <root url="jrt://C:/Program Files (x86)/IntelliJ/jbr!/jdk.internal.vm.ci" type="simple" />
            <root url="jrt://C:/Program Files (x86)/IntelliJ/jbr!/jdk.internal.vm.compiler" type="simple" />
            <root url="jrt://C:/Program Files (x86)/IntelliJ/jbr!/jdk.internal.vm.compiler.management" type="simple" />
            <root url="jrt://C:/Program Files (x86)/IntelliJ/jbr!/jdk.jdi" type="simple" />
            <root url="jrt://C:/Program Files (x86)/IntelliJ/jbr!/jdk.jdwp.agent" type="simple" />
            <root url="jrt://C:/Program Files (x86)/IntelliJ/jbr!/jdk.jfr" type="simple" />
            <root url="jrt://C:/Program Files (x86)/IntelliJ/jbr!/jdk.jsobject" type="simple" />
            <root url="jrt://C:/Program Files (x86)/IntelliJ/jbr!/jdk.localedata" type="simple" />
            <root url="jrt://C:/Program Files (x86)/IntelliJ/jbr!/jdk.management" type="simple" />
            <root url="jrt://C:/Program Files (x86)/IntelliJ/jbr!/jdk.management.agent" type="simple" />
            <root url="jrt://C:/Program Files (x86)/IntelliJ/jbr!/jdk.management.jfr" type="simple" />
            <root url="jrt://C:/Program Files (x86)/IntelliJ/jbr!/jdk.naming.dns" type="simple" />
            <root url="jrt://C:/Program Files (x86)/IntelliJ/jbr!/jdk.naming.rmi" type="simple" />
            <root url="jrt://C:/Program Files (x86)/IntelliJ/jbr!/jdk.net" type="simple" />
            <root url="jrt://C:/Program Files (x86)/IntelliJ/jbr!/jdk.pack" type="simple" />
            <root url="jrt://C:/Program Files (x86)/IntelliJ/jbr!/jdk.scripting.nashorn" type="simple" />
            <root url="jrt://C:/Program Files (x86)/IntelliJ/jbr!/jdk.scripting.nashorn.shell" type="simple" />
            <root url="jrt://C:/Program Files (x86)/IntelliJ/jbr!/jdk.sctp" type="simple" />
            <root url="jrt://C:/Program Files (x86)/IntelliJ/jbr!/jdk.security.auth" type="simple" />
            <root url="jrt://C:/Program Files (x86)/IntelliJ/jbr!/jdk.security.jgss" type="simple" />
            <root url="jrt://C:/Program Files (x86)/IntelliJ/jbr!/jdk.unsupported" type="simple" />
            <root url="jrt://C:/Program Files (x86)/IntelliJ/jbr!/jdk.xml.dom" type="simple" />
            <root url="jrt://C:/Program Files (x86)/IntelliJ/jbr!/jdk.zipfs" type="simple" />
          </root>
        </classPath>
        <javadocPath>
          <root type="composite" />
        </javadocPath>
        <sourcePath>
          <root type="composite" />
        </sourcePath>
      </roots>
      <additional />
    </jdk>
    <jdk version="2">
      <name value="1.8" />
      <type value="JavaSDK" />
      <version value="version 1.8.0_161" />
      <homePath value="/usr/java" />
      <roots>
        <annotationsPath>
          <root type="composite">
            <root url="jar://$APPLICATION_HOME_DIR$/plugins/java/lib/jdkAnnotations.jar!/" type="simple" />
          </root>
        </annotationsPath>
        <classPath>
          <root type="composite">
            <root url="jar:///usr/java/jre/lib/charsets.jar!/" type="simple" />
            <root url="jar:///usr/java/jre/lib/deploy.jar!/" type="simple" />
            <root url="jar:///usr/java/jre/lib/ext/cldrdata.jar!/" type="simple" />
            <root url="jar:///usr/java/jre/lib/ext/dnsns.jar!/" type="simple" />
            <root url="jar:///usr/java/jre/lib/ext/jaccess.jar!/" type="simple" />
            <root url="jar:///usr/java/jre/lib/ext/jfxrt.jar!/" type="simple" />
            <root url="jar:///usr/java/jre/lib/ext/localedata.jar!/" type="simple" />
            <root url="jar:///usr/java/jre/lib/ext/nashorn.jar!/" type="simple" />
            <root url="jar:///usr/java/jre/lib/ext/sunec.jar!/" type="simple" />
            <root url="jar:///usr/java/jre/lib/ext/sunjce_provider.jar!/" type="simple" />
            <root url="jar:///usr/java/jre/lib/ext/sunpkcs11.jar!/" type="simple" />
            <root url="jar:///usr/java/jre/lib/ext/zipfs.jar!/" type="simple" />
            <root url="jar:///usr/java/jre/lib/javaws.jar!/" type="simple" />
            <root url="jar:///usr/java/jre/lib/jce.jar!/" type="simple" />
            <root url="jar:///usr/java/jre/lib/jfr.jar!/" type="simple" />
            <root url="jar:///usr/java/jre/lib/jfxswt.jar!/" type="simple" />
            <root url="jar:///usr/java/jre/lib/jsse.jar!/" type="simple" />
            <root url="jar:///usr/java/jre/lib/management-agent.jar!/" type="simple" />
            <root url="jar:///usr/java/jre/lib/plugin.jar!/" type="simple" />
            <root url="jar:///usr/java/jre/lib/resources.jar!/" type="simple" />
            <root url="jar:///usr/java/jre/lib/rt.jar!/" type="simple" />
            <root url="jar://C:/Program Files/Java/jdk/jre/lib/charsets.jar!/" type="simple" />
            <root url="jar://C:/Program Files/Java/jdk/jre/lib/deploy.jar!/" type="simple" />
            <root url="jar://C:/Program Files/Java/jdk/jre/lib/ext/access-bridge-64.jar!/" type="simple" />
            <root url="jar://C:/Program Files/Java/jdk/jre/lib/ext/cldrdata.jar!/" type="simple" />
            <root url="jar://C:/Program Files/Java/jdk/jre/lib/ext/dnsns.jar!/" type="simple" />
            <root url="jar://C:/Program Files/Java/jdk/jre/lib/ext/jaccess.jar!/" type="simple" />
            <root url="jar://C:/Program Files/Java/jdk/jre/lib/ext/jfxrt.jar!/" type="simple" />
            <root url="jar://C:/Program Files/Java/jdk/jre/lib/ext/localedata.jar!/" type="simple" />
            <root url="jar://C:/Program Files/Java/jdk/jre/lib/ext/nashorn.jar!/" type="simple" />
            <root url="jar://C:/Program Files/Java/jdk/jre/lib/ext/sunec.jar!/" type="simple" />
            <root url="jar://C:/Program Files/Java/jdk/jre/lib/ext/sunjce_provider.jar!/" type="simple" />
            <root url="jar://C:/Program Files/Java/jdk/jre/lib/ext/sunmscapi.jar!/" type="simple" />
            <root url="jar://C:/Program Files/Java/jdk/jre/lib/ext/sunpkcs11.jar!/" type="simple" />
            <root url="jar://C:/Program Files/Java/jdk/jre/lib/ext/zipfs.jar!/" type="simple" />
            <root url="jar://C:/Program Files/Java/jdk/jre/lib/javaws.jar!/" type="simple" />
            <root url="jar://C:/Program Files/Java/jdk/jre/lib/jce.jar!/" type="simple" />
            <root url="jar://C:/Program Files/Java/jdk/jre/lib/jfr.jar!/" type="simple" />
            <root url="jar://C:/Program Files/Java/jdk/jre/lib/jfxswt.jar!/" type="simple" />
            <root url="jar://C:/Program Files/Java/jdk/jre/lib/jsse.jar!/" type="simple" />
            <root url="jar://C:/Program Files/Java/jdk/jre/lib/management-agent.jar!/" type="simple" />
            <root url="jar://C:/Program Files/Java/jdk/jre/lib/plugin.jar!/" type="simple" />
            <root url="jar://C:/Program Files/Java/jdk/jre/lib/resources.jar!/" type="simple" />
            <root url="jar://C:/Program Files/Java/jdk/jre/lib/rt.jar!/" type="simple" />
          </root>
        </classPath>
        <javadocPath>
          <root type="composite" />
        </javadocPath>
        <sourcePath>
          <root type="composite">
            <root url="jar://C:/Program Files/Java/jdk/src.zip!/" type="simple" />
            <root url="jar://C:/Program Files/Java/jdk/javafx-src.zip!/" type="simple" />
            <root url="jar:///usr/java/src.zip!/" type="simple" />
            <root url="jar:///usr/java/javafx-src.zip!/" type="simple" />
          </root>
        </sourcePath>
      </roots>
      <additional />
    </jdk>
    <jdk version="2">
      <name value="Python 3.8 (venv)" />
      <type value="Python SDK" />
      <version value="Python 3.8.9" />
      <homePath value="$USER_HOME$/Documents/Repositories/automation-testing-saas/server/venv/bin/python" />
      <roots>
        <annotationsPath>
          <root type="composite" />
        </annotationsPath>
        <classPath>
          <root type="composite">
            <root url="file:///usr/lib/python3.8" type="simple" />
            <root url="file:///usr/lib/python3.8/lib-dynload" type="simple" />
            <root url="file://$USER_HOME$/Documents/Repositories/automation-testing-saas/server/venv/lib/python3.8/site-packages" type="simple" />
            <root url="jar://$USER_HOME$/Documents/Repositories/automation-testing-saas/server/venv/lib/python3.8/site-packages/automation_testing_saas-0.1-py3.8.egg!/" type="simple" />
            <root url="file://$USER_HOME$/Documents/Repositories/automation-testing-saas/server/venv/lib/python3.8/site-packages/selenium-4.0.0b2.post1-py3.8.egg" type="simple" />
            <root url="file://$USER_HOME$/Documents/Repositories/automation-testing-saas/server/venv/lib/python3.8/site-packages/requests-2.25.1-py3.8.egg" type="simple" />
            <root url="file://$USER_HOME$/Documents/Repositories/automation-testing-saas/server/venv/lib/python3.8/site-packages/urllib3-1.26.2-py3.8.egg" type="simple" />
            <root url="file://$USER_HOME$/Documents/Repositories/automation-testing-saas/server/venv/lib/python3.8/site-packages/trio-0.17.0-py3.8.egg" type="simple" />
            <root url="file://$USER_HOME$/Documents/Repositories/automation-testing-saas/server/venv/lib/python3.8/site-packages/trio_websocket-0.9.0-py3.8.egg" type="simple" />
            <root url="file://$USER_HOME$/Documents/Repositories/automation-testing-saas/server/venv/lib/python3.8/site-packages/idna-2.10-py3.8.egg" type="simple" />
            <root url="file://$USER_HOME$/Documents/Repositories/automation-testing-saas/server/venv/lib/python3.8/site-packages/chardet-4.0.0-py3.8.egg" type="simple" />
            <root url="file://$USER_HOME$/Documents/Repositories/automation-testing-saas/server/venv/lib/python3.8/site-packages/certifi-2020.12.5-py3.8.egg" type="simple" />
            <root url="file://$USER_HOME$/Documents/Repositories/automation-testing-saas/server/venv/lib/python3.8/site-packages/pyOpenSSL-20.0.1-py3.8.egg" type="simple" />
            <root url="file://$USER_HOME$/Documents/Repositories/automation-testing-saas/server/venv/lib/python3.8/site-packages/cryptography-3.4.7-py3.8-linux-x86_64.egg" type="simple" />
            <root url="file://$USER_HOME$/Documents/Repositories/automation-testing-saas/server/venv/lib/python3.8/site-packages/sortedcontainers-2.3.0-py3.8.egg" type="simple" />
            <root url="file://$USER_HOME$/Documents/Repositories/automation-testing-saas/server/venv/lib/python3.8/site-packages/sniffio-1.2.0-py3.8.egg" type="simple" />
            <root url="file://$USER_HOME$/Documents/Repositories/automation-testing-saas/server/venv/lib/python3.8/site-packages/outcome-1.1.0-py3.8.egg" type="simple" />
            <root url="file://$USER_HOME$/Documents/Repositories/automation-testing-saas/server/venv/lib/python3.8/site-packages/attrs-20.3.0-py3.8.egg" type="simple" />
            <root url="file://$USER_HOME$/Documents/Repositories/automation-testing-saas/server/venv/lib/python3.8/site-packages/async_generator-1.10-py3.8.egg" type="simple" />
            <root url="file://$USER_HOME$/Documents/Repositories/automation-testing-saas/server/venv/lib/python3.8/site-packages/wsproto-1.0.0-py3.8.egg" type="simple" />
            <root url="file://$USER_HOME$/Documents/Repositories/automation-testing-saas/server/venv/lib/python3.8/site-packages/six-1.15.0-py3.8.egg" type="simple" />
            <root url="file://$USER_HOME$/Documents/Repositories/automation-testing-saas/server/venv/lib/python3.8/site-packages/cffi-1.14.5-py3.8-linux-x86_64.egg" type="simple" />
            <root url="file://$USER_HOME$/Documents/Repositories/automation-testing-saas/server/venv/lib/python3.8/site-packages/h11-0.12.0-py3.8.egg" type="simple" />
            <root url="file://$USER_HOME$/Documents/Repositories/automation-testing-saas/server/venv/lib/python3.8/site-packages/pycparser-2.20-py3.8.egg" type="simple" />
            <root url="file://$USER_HOME$/.cache/JetBrains/IntelliJIdea2021.1/python_stubs/-496567902" type="simple" />
            <root url="file://$APPLICATION_PLUGINS_DIR$/python/helpers/python-skeletons" type="simple" />
            <root url="file://$APPLICATION_PLUGINS_DIR$/python/helpers/typeshed/stdlib" type="simple" />
            <root url="file://$APPLICATION_PLUGINS_DIR$/python/helpers/typeshed/stubs/jwt" type="simple" />
            <root url="file://$APPLICATION_PLUGINS_DIR$/python/helpers/typeshed/stubs/six" type="simple" />
            <root url="file://$APPLICATION_PLUGINS_DIR$/python/helpers/typeshed/stubs/mock" type="simple" />
            <root url="file://$APPLICATION_PLUGINS_DIR$/python/helpers/typeshed/stubs/nmap" type="simple" />
            <root url="file://$APPLICATION_PLUGINS_DIR$/python/helpers/typeshed/stubs/attrs" type="simple" />
            <root url="file://$APPLICATION_PLUGINS_DIR$/python/helpers/typeshed/stubs/polib" type="simple" />
            <root url="file://$APPLICATION_PLUGINS_DIR$/python/helpers/typeshed/stubs/retry" type="simple" />
            <root url="file://$APPLICATION_PLUGINS_DIR$/python/helpers/typeshed/stubs/enum34" type="simple" />
            <root url="file://$APPLICATION_PLUGINS_DIR$/python/helpers/typeshed/stubs/orjson" type="simple" />
            <root url="file://$APPLICATION_PLUGINS_DIR$/python/helpers/typeshed/stubs/xxhash" type="simple" />
            <root url="file://$APPLICATION_PLUGINS_DIR$/python/helpers/typeshed/stubs/chardet" type="simple" />
            <root url="file://$APPLICATION_PLUGINS_DIR$/python/helpers/typeshed/stubs/futures" type="simple" />
            <root url="file://$APPLICATION_PLUGINS_DIR$/python/helpers/typeshed/stubs/tzlocal" type="simple" />
            <root url="file://$APPLICATION_PLUGINS_DIR$/python/helpers/typeshed/stubs/Markdown" type="simple" />
            <root url="file://$APPLICATION_PLUGINS_DIR$/python/helpers/typeshed/stubs/Werkzeug" type="simple" />
            <root url="file://$APPLICATION_PLUGINS_DIR$/python/helpers/typeshed/stubs/aiofiles" type="simple" />
            <root url="file://$APPLICATION_PLUGINS_DIR$/python/helpers/typeshed/stubs/filelock" type="simple" />
            <root url="file://$APPLICATION_PLUGINS_DIR$/python/helpers/typeshed/stubs/paramiko" type="simple" />
            <root url="file://$APPLICATION_PLUGINS_DIR$/python/helpers/typeshed/stubs/pathlib2" type="simple" />
            <root url="file://$APPLICATION_PLUGINS_DIR$/python/helpers/typeshed/stubs/requests" type="simple" />
            <root url="file://$APPLICATION_PLUGINS_DIR$/python/helpers/typeshed/stubs/waitress" type="simple" />
            <root url="file://$APPLICATION_PLUGINS_DIR$/python/helpers/typeshed/stubs/freezegun" type="simple" />
            <root url="file://$APPLICATION_PLUGINS_DIR$/python/helpers/typeshed/stubs/ipaddress" type="simple" />
            <root url="file://$APPLICATION_PLUGINS_DIR$/python/helpers/typeshed/stubs/pyRFC3339" type="simple" />
            <root url="file://$APPLICATION_PLUGINS_DIR$/python/helpers/typeshed/stubs/typed-ast" type="simple" />
            <root url="file://$APPLICATION_PLUGINS_DIR$/python/helpers/typeshed/stubs/Deprecated" type="simple" />
            <root url="file://$APPLICATION_PLUGINS_DIR$/python/helpers/typeshed/stubs/cachetools" type="simple" />
            <root url="file://$APPLICATION_PLUGINS_DIR$/python/helpers/typeshed/stubs/frozendict" type="simple" />
            <root url="file://$APPLICATION_PLUGINS_DIR$/python/helpers/typeshed/stubs/JACK-Client" type="simple" />
            <root url="file://$APPLICATION_PLUGINS_DIR$/python/helpers/typeshed/stubs/contextvars" type="simple" />
            <root url="file://$APPLICATION_PLUGINS_DIR$/python/helpers/typeshed/stubs/atomicwrites" type="simple" />
            <root url="file://$APPLICATION_PLUGINS_DIR$/python/helpers/typeshed/stubs/cryptography" type="simple" />
            <root url="file://$APPLICATION_PLUGINS_DIR$/python/helpers/typeshed/stubs/DateTimeRange" type="simple" />
            <root url="file://$APPLICATION_PLUGINS_DIR$/python/helpers/typeshed/stubs/click-spinner" type="simple" />
            <root url="file://$APPLICATION_PLUGINS_DIR$/python/helpers/typeshed/stubs/pkg_resources" type="simple" />
            <root url="file://$APPLICATION_PLUGINS_DIR$/python/helpers/typeshed/stubs/python-gflags" type="simple" />
            <root url="file://$APPLICATION_PLUGINS_DIR$/python/helpers/typeshed/stubs/python-slugify" type="simple" />
            <root url="file://$APPLICATION_PLUGINS_DIR$/python/helpers/typeshed/stubs/python-dateutil" type="simple" />
            <root url="file://$APPLICATION_PLUGINS_DIR$/python/helpers/typeshed/stubs/typing-extensions" type="simple" />
          </root>
        </classPath>
        <javadocPath>
          <root type="composite" />
        </javadocPath>
        <sourcePath>
          <root type="composite" />
        </sourcePath>
      </roots>
      <additional />
    </jdk>
    <jdk version="2">
      <name value="1.8 (2)" />
      <type value="JavaSDK" />
      <version value="java version &quot;1.8.0_161&quot;" />
      <homePath value="/usr/java" />
      <roots>
        <annotationsPath>
          <root type="composite">
            <root url="jar://$APPLICATION_HOME_DIR$/plugins/java/lib/jdkAnnotations.jar!/" type="simple" />
          </root>
        </annotationsPath>
        <classPath>
          <root type="composite">
            <root url="jar:///usr/java/jre/lib/charsets.jar!/" type="simple" />
            <root url="jar:///usr/java/jre/lib/deploy.jar!/" type="simple" />
            <root url="jar:///usr/java/jre/lib/ext/cldrdata.jar!/" type="simple" />
            <root url="jar:///usr/java/jre/lib/ext/dnsns.jar!/" type="simple" />
            <root url="jar:///usr/java/jre/lib/ext/jaccess.jar!/" type="simple" />
            <root url="jar:///usr/java/jre/lib/ext/jfxrt.jar!/" type="simple" />
            <root url="jar:///usr/java/jre/lib/ext/localedata.jar!/" type="simple" />
            <root url="jar:///usr/java/jre/lib/ext/nashorn.jar!/" type="simple" />
            <root url="jar:///usr/java/jre/lib/ext/sunec.jar!/" type="simple" />
            <root url="jar:///usr/java/jre/lib/ext/sunjce_provider.jar!/" type="simple" />
            <root url="jar:///usr/java/jre/lib/ext/sunpkcs11.jar!/" type="simple" />
            <root url="jar:///usr/java/jre/lib/ext/zipfs.jar!/" type="simple" />
            <root url="jar:///usr/java/jre/lib/javaws.jar!/" type="simple" />
            <root url="jar:///usr/java/jre/lib/jce.jar!/" type="simple" />
            <root url="jar:///usr/java/jre/lib/jfr.jar!/" type="simple" />
            <root url="jar:///usr/java/jre/lib/jfxswt.jar!/" type="simple" />
            <root url="jar:///usr/java/jre/lib/jsse.jar!/" type="simple" />
            <root url="jar:///usr/java/jre/lib/management-agent.jar!/" type="simple" />
            <root url="jar:///usr/java/jre/lib/plugin.jar!/" type="simple" />
            <root url="jar:///usr/java/jre/lib/resources.jar!/" type="simple" />
            <root url="jar:///usr/java/jre/lib/rt.jar!/" type="simple" />
          </root>
        </classPath>
        <javadocPath>
          <root type="composite" />
        </javadocPath>
        <sourcePath>
          <root type="composite">
            <root url="jar:///usr/java/src.zip!/" type="simple" />
            <root url="jar:///usr/java/javafx-src.zip!/" type="simple" />
          </root>
        </sourcePath>
      </roots>
      <additional />
    </jdk>
  </component>
</application>