<application>
  <component name="ProjectManager">
    <defaultProject>
      <component name="ProjectViewState">
        <option name="hideEmptyMiddlePackages" value="true" />
        <option name="showLibraryContents" value="true" />
      </component>
      <component name="PropertiesComponent"><![CDATA[{
  "keyToString": {
    "settings.editor.selected.configurable": "preferences.lookFeel"
  }
}]]></component>
      <component name="WindowStateProjectService">
        <state x="44" y="414" key="SettingsEditor.ideScale=125" timestamp="1702591858327">
          <screen x="0" y="0" width="1080" height="1920" />
        </state>
        <state x="44" y="414" key="SettingsEditor.ideScale=125/1080.601.1280.769/2360.601.1680.1050/0.0.1080.1920" timestamp="1702591858327" />
      </component>
    </defaultProject>
  </component>
</application>