<keymap version="1" name="Default copy" parent="$default">
  <action id="ActivateDatabaseToolWindow">
    <keyboard-shortcut first-keystroke="alt 4" />
  </action>
  <action id="ActivateFavoritesToolWindow">
    <keyboard-shortcut first-keystroke="alt 7" />
  </action>
  <action id="ActivateFindToolWindow" />
  <action id="ActivatePersistenceToolWindow">
    <keyboard-shortcut first-keystroke="alt 3" />
  </action>
  <action id="ActivateRunToolWindow" />
  <action id="ActivateStructureToolWindow">
    <keyboard-shortcut first-keystroke="alt 2" />
  </action>
  <action id="ChooseRunConfiguration">
    <keyboard-shortcut first-keystroke="shift ctrl r" />
  </action>
  <action id="CloseActiveTab">
    <keyboard-shortcut first-keystroke="shift ctrl f6" />
  </action>
  <action id="CloseContent">
    <keyboard-shortcut first-keystroke="ctrl w" />
  </action>
  <action id="ContextHelp" />
  <action id="EditorSelectWord" />
  <action id="GoToTab1">
    <keyboard-shortcut first-keystroke="ctrl 1" />
  </action>
  <action id="GoToTab2">
    <keyboard-shortcut first-keystroke="ctrl 2" />
  </action>
  <action id="GoToTab3">
    <keyboard-shortcut first-keystroke="ctrl 3" />
  </action>
  <action id="GoToTab4">
    <keyboard-shortcut first-keystroke="ctrl 4" />
  </action>
  <action id="GoToTab5">
    <keyboard-shortcut first-keystroke="ctrl 5" />
  </action>
  <action id="GoToTab6">
    <keyboard-shortcut first-keystroke="ctrl 6" />
  </action>
  <action id="GoToTab7">
    <keyboard-shortcut first-keystroke="ctrl 7" />
  </action>
  <action id="GoToTab8">
    <keyboard-shortcut first-keystroke="ctrl 8" />
  </action>
  <action id="GoToTab9">
    <keyboard-shortcut first-keystroke="ctrl 9" />
  </action>
  <action id="GotoImplementation">
    <keyboard-shortcut first-keystroke="shift ctrl b" />
    <mouse-shortcut keystroke="shift control button1" />
  </action>
  <action id="GotoTest" />
  <action id="GotoTypeDeclaration">
    <keyboard-shortcut first-keystroke="ctrl alt b" />
    <mouse-shortcut keystroke="control alt button1" />
  </action>
  <action id="HideActiveWindow">
    <keyboard-shortcut first-keystroke="escape" />
  </action>
  <action id="Images.ShowThumbnails" />
  <action id="QuickJavaDoc">
    <mouse-shortcut keystroke="alt button2" />
    <keyboard-shortcut first-keystroke="f1" />
  </action>
  <action id="ReopenClosedTab">
    <keyboard-shortcut first-keystroke="shift ctrl t" />
  </action>
  <action id="Replace" />
  <action id="ReplaceInPath" />
  <action id="Run">
    <keyboard-shortcut first-keystroke="ctrl r" />
  </action>
  <action id="RunDashboard.ShowConfigurations" />
  <action id="SelectInProjectView">
    <keyboard-shortcut first-keystroke="alt r" />
  </action>
  <action id="UpdateRunningApplication" />
  <action id="android.deploy.ApplyChanges">
    <keyboard-shortcut first-keystroke="ctrl f10" />
  </action>
  <action id="android.deploy.CodeSwap">
    <keyboard-shortcut first-keystroke="ctrl alt f10" />
  </action>
</keymap>