<keymap version="1" name="Default copy" parent="$default">
  <action id="ChooseRunConfiguration">
    <keyboard-shortcut first-keystroke="shift ctrl r" />
  </action>
  <action id="CloseActiveTab">
    <keyboard-shortcut first-keystroke="shift ctrl f6" />
  </action>
  <action id="CloseContent">
    <keyboard-shortcut first-keystroke="ctrl w" />
  </action>
  <action id="EditorSelectWord" />
  <action id="GoToTab1">
    <keyboard-shortcut first-keystroke="ctrl 1" />
  </action>
  <action id="GoToTab2">
    <keyboard-shortcut first-keystroke="ctrl 2" />
  </action>
  <action id="GoToTab3">
    <keyboard-shortcut first-keystroke="ctrl 3" />
  </action>
  <action id="GoToTab4">
    <keyboard-shortcut first-keystroke="ctrl 4" />
  </action>
  <action id="GoToTab5">
    <keyboard-shortcut first-keystroke="ctrl 5" />
  </action>
  <action id="GoToTab6">
    <keyboard-shortcut first-keystroke="ctrl 6" />
  </action>
  <action id="GoToTab7">
    <keyboard-shortcut first-keystroke="ctrl 7" />
  </action>
  <action id="GoToTab8">
    <keyboard-shortcut first-keystroke="ctrl 8" />
  </action>
  <action id="GoToTab9">
    <keyboard-shortcut first-keystroke="ctrl 9" />
  </action>
  <action id="GotoTest" />
  <action id="Images.ShowThumbnails" />
  <action id="NextTab">
    <keyboard-shortcut first-keystroke="ctrl tab" />
  </action>
  <action id="PreviousTab">
    <keyboard-shortcut first-keystroke="shift ctrl tab" />
  </action>
  <action id="ReopenClosedTab">
    <keyboard-shortcut first-keystroke="shift ctrl t" />
  </action>
  <action id="Replace" />
  <action id="ReplaceInPath" />
  <action id="Run">
    <keyboard-shortcut first-keystroke="ctrl r" />
  </action>
  <action id="RunDashboard.ShowConfigurations" />
  <action id="Switcher">
    <keyboard-shortcut first-keystroke="shift tab" />
  </action>
</keymap>